<PAMDataset>
  <Metadata />
  <Metadata domain="Esri">
    <MDI key="PyramidResamplingType">NEAREST</MDI>
  </Metadata>
  <PAMRasterBand band="1">
    <Histograms>
      <HistItem>
        <HistMin>0</HistMin>
        <HistMax>1201.108764648438</HistMax>
        <BucketCount>256</BucketCount>
        <IncludeOutOfRange>1</IncludeOutOfRange>
        <Approximate>0</Approximate>
        <HistCounts>49|68|110|830|1121|229|146|103|150|251|113|312|2078|127|148|204|74|185|68|74|57|33|35|109|31|37|170|22|38|162|1050|50|55|63|12|13|14|16|12|27|33|74|12|22|164|13|16|18|13|47|3|7|5|2|20|18|19|587|52|10|4|8|2|1|7|3|4|3|5|10|7|4|10|18|14|11|0|1|2|1|3|2|1|2|1|3|1|5|2|4|2|5|11|23|63|4|5|3|3|5|8|5|12|49|0|0|0|0|0|0|0|1|0|0|0|0|1|1|0|0|0|0|1|0|0|0|0|0|0|2|0|0|0|0|0|0|0|0|0|2|1|0|2|0|3|2|4|4|4|2|0|0|0|0|0|0|0|0|0|0|0|0|0|0|0|0|0|0|0|0|0|0|0|0|0|0|0|0|0|1|0|0|0|0|0|0|0|0|0|0|0|1|0|0|0|0|3|3|4|7|0|0|1|0|0|0|0|0|0|0|0|0|0|0|0|0|0|0|0|0|0|0|0|0|0|0|0|0|0|1|0|0|0|2|0|0|0|0|0|0|1|0|0|0|0|2|1|0|0|1|0|1|2|2|2|1</HistCounts>
      </HistItem>
    </Histograms>
    <Metadata>
      <MDI key="STATISTICS_MINIMUM">0</MDI>
      <MDI key="STATISTICS_MAXIMUM">1201.1087646484</MDI>
      <MDI key="STATISTICS_MEAN">103.800754295</MDI>
      <MDI key="STATISTICS_STDDEV">113.19581800374</MDI>
      <MDI key="STATISTICS_SKIPFACTORX">1</MDI>
      <MDI key="STATISTICS_SKIPFACTORY">1</MDI>
      <MDI key="STATISTICS_EXCLUDEDVALUES"></MDI>
      <MDI key="STATISTICS_COVARIANCES">12813.2932135353</MDI>
    </Metadata>
  </PAMRasterBand>
</PAMDataset>
