<PAMDataset>
  <Metadata>
    <MDI key="DataType">Generic</MDI>
  </Metadata>
  <Metadata domain="Esri">
    <MDI key="PyramidResamplingType">NEAREST</MDI>
  </Metadata>
  <PAMRasterBand band="1">
    <Histograms>
      <HistItem>
        <HistMin>0</HistMin>
        <HistMax>5964</HistMax>
        <BucketCount>256</BucketCount>
        <IncludeOutOfRange>1</IncludeOutOfRange>
        <Approximate>0</Approximate>
        <HistCounts>22|29|34|37|47|74|68|87|88|84|106|119|135|161|167|195|182|206|230|189|193|204|253|264|248|288|259|234|188|151|138|117|127|124|142|157|122|102|119|116|120|130|119|138|112|115|109|105|123|102|101|120|87|84|115|95|90|91|89|92|89|108|90|83|77|81|104|68|73|58|62|59|51|48|40|40|35|35|25|19|28|28|23|28|28|14|24|19|14|14|15|13|13|14|17|14|14|16|14|10|10|6|15|10|11|10|6|11|11|10|9|7|12|7|6|6|7|5|5|4|6|7|8|7|4|6|4|6|10|5|1|10|3|0|5|6|2|3|4|4|6|4|7|0|2|2|5|0|1|1|2|1|0|2|2|2|2|1|1|1|1|0|1|0|2|0|1|1|1|1|2|0|0|0|1|1|2|1|2|0|0|0|0|0|0|1|0|0|0|1|1|0|0|0|0|0|0|0|0|0|1|0|0|0|1|1|0|0|0|0|0|0|0|0|0|0|0|0|0|0|0|0|0|0|0|0|1|0|0|1|0|0|0|0|0|0|0|0|0|0|0|0|0|0|0|0|0|0|0|0|0|0|0|0|0|1</HistCounts>
      </HistItem>
    </Histograms>
    <Metadata>
      <MDI key="STATISTICS_MINIMUM">0</MDI>
      <MDI key="STATISTICS_MAXIMUM">5964</MDI>
      <MDI key="STATISTICS_MEAN">933.92190187152</MDI>
      <MDI key="STATISTICS_STDDEV">622.54027885501</MDI>
      <MDI key="STATISTICS_SKIPFACTORX">1</MDI>
      <MDI key="STATISTICS_SKIPFACTORY">1</MDI>
      <MDI key="STATISTICS_EXCLUDEDVALUES"></MDI>
      <MDI key="STATISTICS_COVARIANCES">387556.398796868</MDI>
    </Metadata>
  </PAMRasterBand>
</PAMDataset>
