<PAMDataset>
  <Metadata />
  <Metadata domain="Esri">
    <MDI key="PyramidResamplingType">NEAREST</MDI>
  </Metadata>
  <PAMRasterBand band="1">
    <Histograms>
      <HistItem>
        <HistMin>0.25</HistMin>
        <HistMax>0.911638081073761</HistMax>
        <BucketCount>256</BucketCount>
        <IncludeOutOfRange>1</IncludeOutOfRange>
        <Approximate>0</Approximate>
        <HistCounts>109|10|9|3|5|2|5|3|2|2|1|2|0|1|1|0|2|0|0|18|6|23|9|1|6|1|5|1|1|5|0|1|2|1|9|7|4|12|383|51|27|16|12|9|11|14|13|11|7|7|12|8|8|15|14|28|36|2020|77|32|25|24|15|16|15|16|19|7|15|12|9|16|14|11|21|29|77|706|19|12|15|10|12|13|6|9|7|4|7|14|7|6|5|10|12|30|76|17|10|6|8|5|4|3|3|5|3|6|6|7|8|3|8|1|4|2|6|5|3|1|10|4|1|6|5|0|4|10|3|6|6|11|1|6|14|13|8|8|7|10|6|5|9|3|10|3|5|5|8|8|5|13|21|16|1001|5|4|6|6|4|7|10|7|8|10|16|14|11|13|17|11|23|28|1929|50|31|19|11|12|7|13|15|2|17|14|16|20|14|22|35|28|49|1019|27|8|8|7|3|5|1|7|3|8|4|3|3|2|8|10|13|16|165|13|6|5|9|3|1|2|1|0|2|5|4|3|2|6|3|13|9|14|139|3|2|1|1|1|1|4|2|2|2|1|1|2|2|2|2|4|10|100|0|0|0|0|1</HistCounts>
      </HistItem>
    </Histograms>
    <Metadata>
      <MDI key="STATISTICS_MINIMUM">0.25</MDI>
      <MDI key="STATISTICS_MAXIMUM">0.91163808107376</MDI>
      <MDI key="STATISTICS_MEAN">0.5738987858849</MDI>
      <MDI key="STATISTICS_STDDEV">0.1629291390855</MDI>
      <MDI key="STATISTICS_SKIPFACTORX">1</MDI>
      <MDI key="STATISTICS_SKIPFACTORY">1</MDI>
      <MDI key="STATISTICS_EXCLUDEDVALUES"></MDI>
      <MDI key="STATISTICS_COVARIANCES">2.65459043631428E-02</MDI>
    </Metadata>
  </PAMRasterBand>
</PAMDataset>
